,Title,Price,Rating
0,Rs.1000 Sony PlayStation Network Wallet Top-Up (Email Delivery in 1 hour- Digital Voucher Code)  PEGI Rating: Ages 3 and Over,Rs.1000 Sony PlayStation Network Wallet Top-Up (Email Delivery in 1 hour- Digital Voucher Code),"3,025"
1,Rs.500 Sony PlayStation Network Wallet Top-Up (Email Delivery in 1 hour- Digital Voucher Code)  PEGI Rating: Ages 3 and Over,Rs.500 Sony PlayStation Network Wallet Top-Up (Email Delivery in 1 hour- Digital Voucher Code),"3,021"
2,PlayStation Plus: 1 Month Membership Card (Email Delivery in 1 hour- Digital Voucher Code)  PEGI Rating: Ages 3 and Over,PlayStation Plus: 1 Month Membership Card (Email Delivery in 1 hour- Digital Voucher Code),"3,343"
3,Rs.2000 Sony PlayStation Network Wallet Top-Up (Email Delivery in 1 hour- Digital Voucher Code),Rs.2000 Sony PlayStation Network Wallet Top-Up (Email Delivery in 1 hour- Digital Voucher Code),606
4,Rs.1500 Sony PlayStation Network Wallet Top-Up (Email Delivery in 1 hour- Digital Voucher Code)  PEGI Rating: Ages 3 and Over,Rs.1500 Sony PlayStation Network Wallet Top-Up (Email Delivery in 1 hour- Digital Voucher Code),"1,406"
5,"Amazon's Choicefor ""playstation""",Sony PlayStation Plus: 3 Month Membership,567
6,Sony PlayStation Plus: 3 Month Membership  PEGI Rating: Ages 7 and Over,Rs.4000 Sony PlayStation Network Wallet Top-Up (Email Delivery in 1 hour- Digital Voucher Code),556
7,Rs.4000 Sony PlayStation Network Wallet Top-Up (Email Delivery in 1 hour- Digital Voucher Code)  PEGI Rating: Ages 3 and Over,PlayStation -PS4 WALLET TOP- UP 2000 IND (PS4),260
8,PlayStation -PS4 WALLET TOP- UP 2000 IND (PS4)  PEGI Rating: Ages 3 and Over,Rs.3000 Sony PlayStation Network Wallet Top-Up (Email Delivery in 1 hour- Digital Voucher Code),799
9,Rs.3000 Sony PlayStation Network Wallet Top-Up (Email Delivery in 1 hour- Digital Voucher Code)  PEGI Rating: Ages 3 and Over,Live Tech Yo!Man Wireless Smart Gamepad with Bluetooth Dongle Android PC Playstation(Does NOT Support MTK Processor Mobile...,810
10,Live Tech Yo!Man Wireless Smart Gamepad with Bluetooth Dongle Android PC Playstation(Does NOT Support MTK Processor Mobile & Support iOS Under 13.4),PlayStation Wallet Top Up INR 670 (PS4),128
11,PlayStation Wallet Top Up INR 670 (PS4)  PEGI Rating: Ages 3 and Over,PS4 Minecraft Starter Collection (PS4),32
12,PS4 Minecraft Starter Collection (PS4)  PEGI Rating: Ages 7 and Over,Rs.2500 Sony PlayStation Network Wallet Top-Up ( Email Delivery in 1 hour- Digital Voucher Code),851
13,Rs.2500 Sony PlayStation Network Wallet Top-Up ( Email Delivery in 1 hour- Digital Voucher Code)  PEGI Rating: Ages 3 and Over,Rs.4500 Sony PlayStation Network Wallet Top-Up (Email Delivery in 1 hour- Digital Voucher Code),368
14,Rs.4500 Sony PlayStation Network Wallet Top-Up (Email Delivery in 1 hour- Digital Voucher Code)  PEGI Rating: Ages 3 and Over,Paladone Playstation Icons XL | 3 Modes-Music Reactive Game Room Lighting | Eco-Friendly BDP Breakdown Plastic | Perfect f...,17
15,"Paladone Playstation Icons XL | 3 Modes-Music Reactive Game Room Lighting | Eco-Friendly BDP Breakdown Plastic | Perfect for Home, Office and Bedrooms, 75 W, Multi color [Energy Class A+], Pack of 1  PEGI Rating: Ages 12 and Over",My PlayStation Vita (My...),25
16,My PlayStation Vita (My...)  by Loguidice Bill and Loguidice Christina | 15 November 2012,,
